Population,km2,Country,City
37977000,8230,"Japan","Tokyo-Yokohama"
34540000,3540,"Indonesia","Jakarta"
29617000,2232,"India","Delhi, DL-UP-HR"
23355000,944,"India","Mumbai, MH"
23088000,1873,"Philippines","Manila"
22120000,4068,"China","Shanghai, SHG-JS-ZJ"
22046000,3116,"Brazil","Sao Paulo"
21794000,2768,"South Korea","Seoul-Incheon"
20996000,2386,"Mexico","Mexico City"
20902000,4342,"China","Guangzhou-Foshan, GD"
20870000,12093,"United States","New York, NY-NJ-CT"
19433000,4172,"China","Beijing, BJ-HEB"
19372000,2010,"Egypt","Cairo"
17560000,1351,"India","Kolkata, WB"
17125000,5891,"Russia","Moscow"
17066000,3199,"Thailand","Bangkok"
16157000,3221,"Argentina","Buenos Aires"
15929000,1803,"China","Shenzhen, GD"
15443000,456,"Bangladesh","Dhaka"
15402000,6351,"United States","Los Angeles, CA"
15279000,1965,"Nigeria","Lagos"
15154000,1375,"Turkey","Istanbul"
14977000,3019,"Japan","Osaka-Kobe-Kyoto"
14835000,1044,"Pakistan","Karachi"
13707000,1205,"India","Bangalore, KA"
13633000,1704,"Iran","Tehran"
13528000,473,"Congo (Dem. Rep.)","Kinshasa"
13312000,1638,"Viet Nam","Ho Chi Minh City"
12272000,1912,"Brazil","Rio de Janeiro"
11324000,1049,"India","Chennai, TN"
11309000,1828,"China","Chengdu, SC"
11021000,853,"Pakistan","Lahore"
11020000,2509,"France","Paris"
10979000,1739,"United Kingdom","London"
10800000,2813,"China","Tianjin, TJ"
9848000,890,"Peru","Lima"
9746000,1273,"India","Hyderabad, TL"
9505000,2542,"South Africa","Johannesburg-East Rand"
9464000,584,"Colombia","Bogota"
9113000,3704,"Japan","Nagoya"
9014000,7006,"United States","Chicago, IL-IN-WI"
8962000,1646,"China","Wuhan, HUB"
8918000,1076,"China: Taiwan","Taipei"
8417000,1023,"Angola","Luanda"
8285000,2162,"Malaysia","Kuala Lumpur"
7981000,1755,"China","Dongguan, GD"
7764000,649,"India","Pune, MH"
7739000,1537,"China","Chongqing, CQ"
7518000,5500,"United States","Washington-Baltimore, DC-VA-MD"
7496000,1613,"China","Nanjing, JS"
7410000,359,"India","Ahmadabad, GJ"
7347000,291,"China: Hong Kong SAR","Hong Kong"
7302000,9538,"United States","Boston-Providence, MA-RI-NH-CT-ME"
7282000,1031,"Sudan","Khartoum"
7105000,1515,"China","Shenyang-Fushun, LN"
7065000,487,"Indonesia","Bandung"
7007000,1148,"Chile","Santiago"
6881000,1672,"Saudi Arabia","Riyadh"
6871000,2334,"Canada","Toronto, ON"
6830000,5279,"United States","Dallas-Fort Worth, TX"
6765000,1656,"China","Zhengzhou, HEN"
6698000,604,"Tanzania","Dar es Salaam"
6680000,1094,"China","Xi'an, SAA"
6576000,963,"Viet Nam","Hanoi"
6499000,911,"Indonesia","Surabaya"
6446000,1446,"China","Hangzhou, ZJ"
6425000,2872,"United States","San Francisco-San Jose, CA"
6406000,4930,"United States","Houston, TX"
6345000,2090,"China","Quanzhou, FJ"
6314000,603,"Myanmar","Yangon"
6269000,1942,"Nigeria","Onitsha"
6144000,3313,"United States","Miami, FL"
6125000,2684,"Germany","Essen-Dusseldorf"
6036000,1508,"United Arab Emirates","Dubai"
6026000,1365,"Spain","Madrid"
6020000,851,"Kenya","Nairobi"
5911000,1656,"China","Qingdao, SD"
5807000,238,"India","Surat, GJ"
5796000,693,"Iraq","Baghdad"
5745000,523,"Singapore","Singapore"
5684000,5430,"United States","Philadelphia, PA-NJ-DE-MD"
5390000,897,"Mexico","Monterrey"
5361000,7400,"United States","Atlanta, GA"
5320000,593,"Ethiopia","Addis Ababa"
5253000,810,"Mexico","Guadalajara"
5230000,1372,"Russia","St. Petersburg"
5159000,1288,"Brazil","Belo Horizonte"
5138000,1222,"Ghana","Accra"
4979000,1387,"China","Suzhou, JS"
4965000,376,"Cote d'Ivoire","Abidjan"
4907000,1881,"Italy","Milan"
4862000,772,"Uganda","Kampala"
4834000,273,"Afghanistan","Kabul"
4773000,715,"China","Xiamen, FJ"
4725000,672,"Turkey","Ankara"
4628000,848,"China","Hefei, AH"
4602000,3236,"United States","Phoenix, AZ"
4588000,1072,"Spain","Barcelona"
4578000,2036,"Australia","Sydney, NSW"
4577000,385,"India","Lucknow, UP"
4539000,2543,"Australia","Melbourne, VIC"
4514000,325,"Nigeria","Kano"
4506000,772,"Pakistan","Rawalpindi-Islamabad"
4458000,670,"China","Harbin, HL"
4425000,856,"Jordan","Amman"
4366000,1263,"Saudi Arabia","Jiddah"
4318000,292,"Egypt","Alexandria"
4242000,748,"China","Changsha, HUN"
4228000,839,"South Africa","Cape Town"
4191000,468,"Morocco","Casablanca"
4189000,4269,"United States","Detroit, MI"
4171000,512,"India","Jaipur, RJ"
4159000,229,"Cameroon","Yaounde"
4097000,429,"Dominican Republic","Santo Domingo"
4054000,582,"China","Taiyuan, SAX"
4039000,746,"China","Fuzhou, FJ"
4026000,797,"China","Jinan, SD"
4022000,724,"Kuwait","Kuwait"
4017000,3264,"United States","Seattle, WA"
3972000,1368,"Germany","Berlin"
3968000,820,"China","Changchun, JL"
3941000,200,"Nepal","Kathmandu"
3913000,191,"Bangladesh","Chittagong"
3877000,651,"Ghana","Kumasi"
3811000,209,"India","Kanpur, UP"
3794000,137,"Congo (Dem. Rep.)","Mbuji-Mayi"
3776000,988,"China","Dalian, LN"
3755000,727,"China","Kunming, YN"
3727000,314,"Pakistan","Faisalabad"
3720000,241,"Colombia","Medellín"
3712000,533,"Brazil","Recife"
3709000,1252,"South Africa","Pretoria"
3706000,653,"China","Shijiazhuang, HEB"
3649000,944,"China","Ningbo, ZJ"
3647000,1172,"China","Changzhou, JS"
3642000,852,"China","Wuxi, JS"
3637000,421,"Mali","Bamako"
3632000,478,"Indonesia","Medan"
3625000,1294,"Canada","Montréal, QC"
3613000,470,"Nigeria","Ibadan"
3574000,1032,"Italy","Naples"
3573000,483,"China","Wenzhou, ZJ"
3525000,568,"Brazil","Fortaleza"
3519000,898,"Brazil","Porto Alegre"
3495000,692,"China","Nanchang, JX"
3493000,442,"Algeria","Algiers"
3492000,1075,"Uzbekistan","Tashkent"
3460000,472,"Burkina Faso","Ouagadougou"
3446000,194,"Senegal","Dakar"
3432000,700,"Sri Lanka","Colombo"
3344000,926,"Nigeria","Abuja"
3330000,203,"Cameroon","Douala"
3325000,584,"Greece","Athens"
3313000,1016,"Brazil","Brasilia"
3286000,402,"South Korea","Busan"
3282000,435,"Brazil","Salvador"
3243000,281,"India","Indore, MP"
3224000,282,"Syria","Aleppo"
3223000,1074,"South Africa","Durban"
3214000,175,"India","Varanasi, UP"
3200000,1916,"United States","San Diego, CA"
3189000,1145,"Italy","Rome"
3182000,613,"China","Urumqi, XJ"
3167000,309,"Iran","Mashhad"
3156000,629,"China","Guiyang, GZ"
3134000,276,"India","Nagpur, MH"
3124000,838,"Brazil","Curitiba"
3087000,492,"China","Nanning, GX"
3065000,121,"India","Allahabad, UP"
3038000,217,"Pakistan","Gujranwala"
3032000,251,"Yemen","Sana"
2949000,149,"India","Patna, BR"
2949000,313,"Zambia","Lusaka"
2941000,267,"Haiti","Port-au-Prince"
2934000,1135,"Azerbaijan","Baku"
2927000,410,"Guatemala","Guatemala City"
2921000,308,"Ecuador","Guayaquil"
2917000,2878,"United States","Minneapolis-St. Paul, MN-WI"
2878000,294,"Venezuela","Caracas"
2851000,762,"Ukraine","Kiyev"
2833000,360,"Congo (Dem. Rep.)","Lubumbashi"
2828000,791,"China","Zhongshan, GD"
2817000,833,"Zimbabwe","Harare"
2813000,301,"Turkey","Izmir"
2813000,1765,"United States","Denver, CO"
2783000,940,"Brazil","Campinas"
2782000,2601,"United States","Tampa-St. Petersburg, FL"
2781000,528,"Lebanon","Beirut"
2774000,3573,"United States","Cleveland, OH"
2770000,1028,"Netherlands","Rotterdam-Hague"
2735000,357,"China","Chaoyang (Shantou,) GD"
2735000,408,"Guinea","Conakry"
2727000,631,"United Kingdom","Manchester"
2672000,535,"Ecuador","Quito"
2656000,172,"India","Agra, UP"
2656000,952,"Portugal","Lisbon"
2654000,577,"Israel","Tel Aviv"
2605000,599,"United Kingdom","Birmingham"
2597000,708,"Paraguay","Asuncion"
2568000,235,"Pakistan","Peshawar"
2546000,1257,"Saudi Arabia","Ad-Dammam"
2536000,416,"Togo","Lome"
2499000,183,"Colombia","Cali"
2496000,831,"Brazil","Goiania"
2482000,1080,"United States","Las Vegas, NV"
2466000,829,"China","Zibo, SD"
2461000,404,"Venezuela","Maracaibo"
2440000,224,"Pakistan","Multan"
2429000,416,"Mozambique","Maputo"
2420000,824,"China","Zhangjiaggang (Suzhou), JS"
2412000,1723,"United States","Salt Lake City, UT"
2408000,368,"China","Shantou, GD"
2404000,450,"Tunisia","Tunis"
2401000,446,"Mexico","Puebla"
2395000,914,"Canada","Vancouver, BC"
2395000,363,"China: Taiwan","Taichung"
2395000,998,"Hungary","Budapest"
2382000,349,"China","Lanzhou, GS"
2363000,188,"Syria","Damascus"
2359000,434,"Nigeria","Port Harcourt"
2325000,2154,"United States","Orlando, FL"
2301000,375,"China: Taiwan","Kaohsiung"
2275000,259,"India","Chandigarh, CH-HR-PB"
2275000,205,"Philippines","Cebu"
2248000,543,"China","Baotou, NM"
2247000,250,"South Korea","Daegu"
2247000,2565,"United States","St. Louis, MO-IL"
2240000,556,"China","Luoyang, HEN"
2235000,336,"Brazil","Manaus"
2228000,176,"North Korea","Pyongyang"
2219000,181,"India","Bhopal, MP"
2202000,182,"Madagascar","Antananarivo"
2199000,364,"Iran","Esfahan"
2191000,797,"China","Putian, FJ"
2180000,1971,"Australia","Brisbane, QLD"
2177000,307,"Cambodia","Phnom Penh"
2159000,123,"Pakistan","Hyderabad"
2156000,261,"Brazil","Belem"
2154000,186,"India","Vadodara, GJ"
2144000,530,"Kazakhstan","Almaty"
2141000,959,"China","Linyi, SD"
2141000,315,"India","Thiruvananthapuram, KL"
2134000,160,"India","Meerut, UP"
2128000,504,"Japan","Fukuoka"
2122000,1557,"United States","San Antonio, TX"
2107000,432,"Belarus","Minsk"
2094000,313,"India","Visakhapatnam, AP"
2091000,1393,"United States","Portland, OR-WA"
2087000,476,"China","Hohhot, NM"
2085000,779,"Germany","Cologne-Bonn"
2080000,151,"India","Madurai, TN"
2075000,3091,"United States","Charlotte, NC-SC"
2067000,288,"India","Coimbatore, TN"
2061000,2268,"US: Puerto Rico","San Juan"
2060000,441,"India","Kochi, KL"
2040000,177,"Colombia","Barranquilla"
2027000,551,"Japan","Sapporo"
2002000,415,"Mexico","Tijuana"
2000000,540,"China","Handan, HEB"
1992000,517,"India","Kozhikode, KL"
1992000,259,"Indonesia","Semarang"
1990000,792,"Belgium","Brussels"
1981000,799,"Malaysia","Johor Bahru"
1978000,1565,"Australia","Perth, WA"
1978000,843,"Bolivia","Santa Cruz de la Sierra"
1976000,794,"Germany","Hamburg"
1952000,178,"Indonesia","Makassar"
1945000,420,"Costa Rica","San Jose"
1937000,463,"China","Haikou, HA"
1935000,547,"Poland","Warsaw"
1928000,482,"Germany","Munich"
1920000,136,"India","Nashik, MH"
1912000,1233,"United States","Sacramento, CA"
1910000,152,"India","Jamshedpur, JH"
1904000,660,"Germany","Frankfurt"
1899000,127,"Somalia","Mogadishu"
1897000,368,"China","Puning (Jieyang), GD"
1897000,483,"Nigeria","Benin City"
1890000,488,"United Kingdom","Leeds-Bradford"
1889000,221,"Indonesia","Palembang"
1886000,299,"Nigeria","Kaduna"
1870000,412,"Romania","Bucharest"
1862000,1367,"United States","Austin, TX"
1850000,238,"Congo","Brazzaville"
1837000,546,"China","Shaoxing, ZJ"
1835000,188,"Morocco","Rabat"
1827000,576,"Qatar","Doha"
1814000,368,"Mexico","Leon"
1813000,276,"Bolivia","La Paz"
1813000,450,"Saudi Arabia","Mecca"
1809000,338,"Austria","Vienna"
1791000,500,"China","Yinchuan, NX"
1786000,99,"India","Aligarh, UP"
1779000,212,"Turkey","Bursa"
1770000,214,"India","Ludhiana, PB"
1762000,368,"Venezuela","Valencia"
1760000,593,"Japan","Kitakyushu"
1754000,141,"India","Ranchi, JH"
1753000,433,"Mexico","Toluca"
1750000,188,"Bangladesh","Savar"
1726000,675,"Poland","Katowice-Gliwice-Tychy"
1722000,1885,"United States","Kansas City, MO-KS"
1719000,584,"China","Yantai, SD"
1715000,92,"India","Aurangabad, MH"
1713000,372,"China","Anshan, LN"
1704000,101,"India","Gwalior, MP"
1696000,120,"India","Jabalpur, MP"
1693000,2065,"United States","Cincinnati, OH-KY-IN"
1693000,2387,"United States","Pittsburgh, PA"
1690000,596,"China","Kunshan (Suzhou), JS"
1690000,340,"Nigeria","Nsukka"
1686000,234,"India","Jodhpur, RJ"
1676000,396,"China","Xuzhou, JS"
1663000,215,"Benin","Cotonou"
1663000,250,"China","Jilin, JL"
1646000,782,"Russia","Novosibirsk"
1633000,132,"Myanmar","Mandalay"
1624000,369,"China","Tangshan, HEB"
1623000,1860,"United States","Indianapolis, IN"
1623000,569,"Viet Nam","Hai Phong"
1614000,84,"India","Bareilly, UP"
1611000,368,"China","Datong, SAX"
1610000,319,"Cuba","Havana"
1608000,336,"Brazil","Vittoria"
1591000,501,"Argentina","Cordoba"
1587000,406,"China","Jiangmen, GD"
1585000,220,"Chad","N'Djamena"
1585000,574,"India","Kannur, KL"
1573000,353,"China","Yiwu (Jinhua), ZJ"
1571000,203,"Liberia","Monrovia"
1568000,230,"Indonesia","Yogyakarta"
1563000,67,"India","Asansol, WB"
1562000,513,"China","Cixi (Ningbo), ZJ"
1562000,353,"China","Huaian, JS"
1552000,347,"China","Zhuhai, GD"
1549000,318,"China","Huizhou, GD"
1541000,101,"India","Rajkot, GJ"
1541000,857,"Russia","Nizhniy Novgorod"
1539000,148,"India","Mysore, KA"
1535000,169,"Turkey","Gaziantep"
1519000,142,"India","Raipur, CH"
1508000,303,"China","Xining, QH"
1508000,317,"Mongolia","Ulaanbaatar"
1508000,317,"Uruguay","Montevideo"
1502000,204,"El Salvador","San Salvador"
1501000,180,"South Korea","Daejon"
1499000,454,"Brazil","Sao Luis"
1498000,90,"India","Vijayawada, AP"
1493000,212,"Indonesia","Malang"
1493000,1829,"United States","Raleigh, NC"
1488000,1371,"United States","Virginia Beach-Norfolk, VA"
1487000,1341,"United States","Columbus, OH"
1486000,395,"Ukraine","Kharkov"
1469000,314,"Brazil","Santos"
1466000,219,"Israel","Jerusalem"
1460000,184,"South Korea","Gwangju"
1448000,374,"Mexico","Ciudad Juarez"
1445000,380,"Italy","Turin"
1436000,424,"Sweden","Stockholm"
1430000,258,"Iran","Shiraz"
1430000,430,"Viet Nam","Da Nang"
1429000,260,"China","Taizhou, ZJ"
1424000,289,"China","Chaozhou, GD"
1424000,543,"Saudi Arabia","Medina"
1417000,226,"China","Jieyang, GD"
1413000,398,"China","Weifang, SD"
1413000,462,"France","Lyon"
1412000,51,"India","Moradabad, UP"
1405000,397,"China","Nantong, JS"
1403000,385,"Armenia","Yerevan"
1395000,210,"China","Liuzhou, GX"
1393000,393,"Spain","Valencia"
1393000,1463,"United States","Milwaukee, WI"
1390000,251,"Tajikistan","Dushanbe"
1390000,997,"Thailand","Pattaya-Chon Buri"
1389000,177,"Indonesia","Denpasar"
1379000,100,"Iraq","Basra"
1378000,105,"India","Salem, TN"
1375000,174,"Mauritania","Nouakchott"
1373000,249,"Iran","Ahvaz"
1372000,149,"China","Ruian (Wenzhou), ZJ"
1369000,134,"Niger","Niamey"
1363000,632,"Russia","Yekaterinburg"
1362000,243,"Indonesia","Batam"
1347000,391,"China","Baoding, HEB"
1344000,103,"India","Tiruppur, TN"
1340000,333,"China","Ganzhou, JX"
1333000,176,"Iran","Tabriz"
1333000,524,"New Zealand","Auckland"
1330000,689,"France","Marseille"
1326000,599,"Canada","Calgary, AB"
1323000,796,"Portugal","Porto"
1321000,570,"Denmark","Copenhagen"
1320000,519,"Malaysia","Penang"
1317000,703,"Russia","Volgograd"
1306000,460,"Ireland","Dublin"
1301000,476,"Germany","Stuttgart"
1297000,261,"Kyrgyzstan","Bishkek"
1285000,185,"Sierra Leone","Freetown"
1282000,516,"Finland","Helsinki"
1281000,447,"China","Zhangzhou, FJ"
1272000,146,"India","Dehradun, UK"
1270000,528,"France","Lille"
1270000,1064,"United Arab Emirates","Abu Dhabi"
1269000,320,"Argentina","Rosario"
1269000,255,"Nigeria","Ilorin"
1264000,152,"India","Amritsar, PB"
1261000,54,"India","Saharanpur, UP"
1261000,91,"Nigeria","Aba"
1260000,245,"Brazil","Natal"
1259000,357,"United Kingdom","Glasgow"
1242000,153,"Algeria","Wahran"
1241000,381,"Russia","Rostov"
1231000,1574,"United States","Jacksonville, FL"
1228000,263,"Bolivia","Cochabamba"
1226000,503,"Libya","Tripoli"
1222000,443,"China","Qinhuangdao, HEB"
1222000,129,"Philippines","Davao City"
1220000,250,"Malawi","Lilongwe"
1219000,82,"Congo (Dem. Rep.)","Kisangani"
1214000,394,"India","Thrissur, KL"
1213000,290,"China","Hengyang, HUN"
1212000,247,"China","Anyang, HEN"
1207000,247,"Georgia","Tblisi"
1207000,178,"Iraq","Mosul"
1205000,843,"Australia","Adelaide, SA"
1205000,383,"Oman","Muscat"
1202000,226,"Panama","Panama City"
1201000,361,"Mexico","Queretaro"
1201000,226,"Nicaragua","Managua"
1201000,506,"Uzbekistan","Samarkand"
1200000,90,"Morocco","Fez"
1198000,73,"Congo (Dem. Rep.)","Kananga"
1191000,130,"India","Kota, RJ"
1188000,390,"South Africa","Port Elizabeth"
1186000,350,"China","Yangzhou, JS"
1185000,212,"Mexico","San Luis Potosí"
1185000,483,"United Arab Emirates","Al Ain"
1183000,136,"Kenya","Mombasa"
1180000,337,"India","Malappuram, KL"
1176000,412,"Russia","Chelyabinsk"
1175000,205,"India","Guwahati, AS"
1172000,154,"Nigeria","Maiduguri"
1171000,320,"China","Huainan, AH"
1170000,254,"Serbia","Belgrade"
1168000,307,"Turkmenistan","Ashgabat"
1161000,160,"China","Wuhu, AH"
1158000,308,"Czech Republic","Prague"
1157000,350,"Argentina","Mendoza"
1157000,1501,"United States","Nashville, TN"
1154000,134,"India","Durg-Bhilainagar, CH"
1152000,447,"Russia","Kazan"
1151000,144,"Central African Rep.","Bangui"
1151000,254,"Mexico","Torreon"
1150000,581,"Canada","Edmonton, AB"
1149000,343,"China","Changshu (Suzhou), JS"
1149000,149,"Honduras","Tegucigalpa"
1146000,429,"Mexico","Merida"
1146000,193,"Venezuela","Barquisimeto"
1142000,221,"Venezuela","Maracay"
1140000,316,"Netherlands","Amsterdam"
1138000,87,"Iraq","Najaf"
1137000,371,"Ukraine","Odessa"
1131000,200,"Congo","Pointe Noire"
1128000,542,"Russia","Omsk"
1127000,223,"China","Zhuzhou, HUN"
1126000,206,"Nigeria","Enugu"
1124000,259,"China: Taiwan","Tainan"
1122000,95,"Congo (Dem. Rep.)","Goma"
1122000,101,"India","Dhanbad, JH"
1122000,396,"Kazakhstan","Shimkent"
1121000,86,"India","Tiruchirappalli, TN"
1119000,202,"Brazil","Joao Pessoa"
1118000,239,"Indonesia","Pekan Baru"
1116000,140,"India","Bhubaneswar, OR"
1112000,201,"China","Zhanjiang, GD"
1106000,207,"Indonesia","Surakarta"
1103000,142,"India","Jalandhar, PB"
1089000,109,"Iran","Kermanshah"
1088000,78,"Burundi","Bujumbura"
1088000,295,"Japan","Sendai"
1085000,164,"Nigeria","Warri"
1080000,173,"India","Srinagar, JK"
1078000,1298,"United States","Memphis, TN-MS-AR"
1074000,125,"Iran","Qom"
1074000,181,"Nigeria","Uyo"
1074000,1298,"United States","Richmond, VA"
1066000,96,"Morocco","Tanger"
1065000,236,"China","Huaibei, AH"
1065000,65,"India","Solapur, MH"
1061000,151,"Brazil","Maceio"
1058000,132,"Laos","Vientiane"
1056000,106,"Sudan","Nyala"
1050000,233,"Japan","Hiroshima"
1040000,320,"Russia","Perm"
1039000,273,"Spain","Seville"
1037000,265,"China","Huangshi, HUB"
1037000,281,"China","Mianyang, SC"
1036000,580,"Canada","Ottawa, ON-QC"
1031000,217,"Angola","Lubango"
1031000,206,"India","Kollam, KL"
1030000,114,"China","Tengzhou (Zaozhuang), SD"
1028000,1266,"United States","Louisville, KY-IN"
1024000,204,"Turkey","Mersin"
1022000,481,"Russia","Krasnoyarsk"
1017000,105,"Indonesia","Cirebon"
1013000,665,"Belgium","Antwerp"
1011000,200,"Mexico","Aguascalientes"
1003000,65,"Somalia","Hargeysa"
1000000,60,"Bangladesh","Khulna"
1000000,104,"South Korea","Changwon"
997000,413,"China","Yingkou, LN"
996000,226,"China","Xiangtan, HUN"
995000,321,"Japan","Naha"
994000,376,"China","Daqing, HL"
993000,227,"Brazil","Teresina"
978000,107,"Indonesia","Bandar Lampung"
978000,261,"Mexico","Chihuahua"
978000,263,"Mexico","Cuernavaca"
978000,1084,"United States","Oklahoma City, OK"
976000,247,"Russia","Samara"
974000,274,"China","Jiaozuo, HEN"
973000,206,"China","Qiqihaer, HL"
968000,331,"China","Zhenjiang, JS"
967000,346,"China","Bengbu, AH"
966000,342,"Turkey","Kayseri"
966000,343,"Turkey","Konya"
963000,695,"United States","New Orleans, LA"
960000,102,"Indonesia","Samarinda"
960000,119,"Yemen","Ta'izz"
958000,70,"Colombia","Bucaramanga"
958000,113,"Rwanda","Kigali"
956000,113,"Tanzania","Mwanza"
955000,254,"France","Nice"
955000,215,"Japan","Hamamatsu"
954000,199,"Pakistan","Quetta"
952000,917,"United States","Tucson, AZ"
950000,101,"Burkina Faso","Bobo-Dioulasso"
950000,184,"China","Guilin, GX"
948000,208,"Malawi","Blantyre"
948000,348,"Russia","Ufa"
944000,507,"France","Toulouse"
944000,184,"Kazakhstan","Astana"
942000,81,"India","Puducherry, PY"
935000,158,"Russia","Voronezh"
934000,208,"Bulgaria","Sofia"
932000,643,"China","Dongying, SD"
928000,305,"China","Panjin, LN"
925000,803,"Ukraine","Dnipropetrovsk"
924000,192,"United Kingdom","Southampton-Portsmouth"
920000,155,"Chile","Valparaíso-Vina del Mar"
920000,134,"China","Kashi, XJ"
919000,137,"China","Yichang, HUB"
918000,1360,"United States","Hartford, CT"
914000,231,"Mexico","Mexicali"
913000,138,"China","Nanchong, SC"
910000,168,"South Korea","Ulsan"
910000,984,"United States","Buffalo, NY"
909000,228,"China","Nanyang, HEN"
905000,200,"United Kingdom","Liverpool"
904000,34,"Congo (Dem. Rep.)","Tshikapa"
903000,94,"Colombia","Cartagena"
902000,111,"Morocco","Marrakech"
898000,43,"Congo (Dem. Rep.)","Bukavu"
894000,205,"China","Maanshan, AH"
891000,181,"Turkey","Antalya"
890000,184,"Nigeria","Jos"
886000,182,"China","Pingdingshan, HEN"
883000,270,"China","Taian, SD"
880000,259,"Italy","Bergamo"
879000,96,"Peru","Trujillo"
878000,161,"Honduras","San Pedro Sula"
876000,58,"Congo (Dem. Rep.)","Bunia"
876000,197,"Peru","Arequipa"
875000,285,"Brazil","Campo Grande"
875000,440,"United States","Honolulu, HI"
874000,198,"Mexico","Cancun"
874000,178,"Mexico","Hermosillo"
874000,658,"United States","Albuquerque, NM"
870000,673,"Ukraine","Donetsk"
869000,337,"Russia","Krasnodar"
865000,155,"China","Dandong, LN"
863000,262,"Viet Nam","Vung Tau"
862000,65,"Mozambique","Nampula"
860000,117,"China","Luzhou, SC"
859000,50,"Bangladesh","Sylhet"
855000,324,"Poland","Gdansk"
850000,181,"Chile","Concepcion"
850000,188,"China","Jining, SD"
850000,185,"Mexico","Morelia"
845000,166,"China","Baoji, SAA"
845000,225,"Greece","Thessaloniki"
844000,652,"United States","El Paso, TX-NM"
842000,183,"China","Jiaxing, ZJ"
840000,256,"Japan","Niigata"
835000,220,"Italy","Florence"
830000,186,"China","Jinhua, ZJ"
825000,130,"China","Liaoyang, LN"
825000,163,"Mexico","Veracruz"
825000,1373,"United States","Birmingham, AL"
824000,337,"China","Lianyungang, JS"
824000,85,"India","Warangal, AP"
823000,349,"China","Fuqing (Fuzhou), FJ"
823000,457,"France","Bordeaux"
823000,930,"United States","McAllen, TX"
820000,122,"Brazil","Aracaju"
818000,166,"China","Luohe, HEN"
815000,210,"China","Heze, SD"
815000,155,"China","Jingzhou, HUB"
815000,272,"Mexico","Saltillo"
815000,142,"Saudi Arabia","Taif"
815000,246,"Switzerland","Zurich"
815000,181,"United Kingdom","Newcastle upon Tyne"
813000,238,"Norway","Oslo"
810000,311,"Brazil","Jundiai"
810000,702,"United States","Omaha, NE-IA"
807000,57,"India","Guntur, AP"
806000,140,"China","Mudanjiang, HL"
805000,119,"Colombia","Cucuta"
805000,272,"Saudi Arabia","Hufuf-Mubarraz"
804000,195,"China","Shiyan, HUB"
801000,306,"China","Laiwu, SD"
800000,208,"China","Yueyang, HUN"
800000,88,"Iran","Urmia"
800000,259,"Malaysia","Ipoh"
800000,119,"Mexico","Acapulco"
799000,220,"China","Kaifeng, HEN"
799000,81,"Congo (Dem. Rep.)","Butembo"
796000,99,"Indonesia","Padang"
795000,225,"Russia","Saratov"
795000,132,"Senegal","Touba"
790000,134,"China","Xiangyang, HUB"
789000,117,"China","Xingtai, HEB"
785000,241,"China","Zouping (Binzhou), SD"
785000,233,"Libya","Banghazi"
785000,31,"Syria","Al-Raqqa"
785000,176,"United Kingdom","Nottingham"
780000,98,"China","Weinan, SAA"
780000,88,"Nigeria","Zaria"
780000,52,"Pakistan","Sargodha"
780000,54,"Philippines","Zamboanga"
779000,170,"China","Weihai, SD"
776000,65,"Eritrea","Asmara"
775000,65,"India","Bikaner, RJ"
775000,583,"Saudi Arabia","Khamis Mushayt"
770000,363,"Brazil","Cuiaba"
770000,285,"Brazil","Sorocaba"
770000,189,"Gabon","Libreville"
770000,54,"India","Gorakhpur, UP"
770000,181,"Malaysia","Kuching"
765000,181,"China","Yangjiang, GD"
765000,272,"Germany","Dresden"
765000,220,"Poland","Krakow"
765000,130,"Spain","Bilbao"
765000,127,"Venezuela","Barcelona"
764000,181,"Yemen","Aden"
760000,192,"China","Ezhou, HUB"
760000,233,"China","Shizuishan, NX"
760000,72,"Iraq","Irbil"
755000,215,"China","Jiujiang, JX"
755000,117,"China","Yixing (Wuxi), JS"
755000,67,"India","Amravati, MH"
755000,337,"Japan","Fuji"
755000,246,"Venezuela","Ciudad Guayana"
751000,209,"China","Yancheng, JS"
750000,233,"Argentina","Tucuman"
750000,233,"Brazil","Sao Jose dos Campos"
750000,167,"China","Chifeng, NM"
750000,52,"India","Cuttack, OR"
750000,207,"Jordan","Irbid"
750000,104,"Nigeria","Osogbo"
745000,104,"Brazil","Blumenau"
745000,344,"Canada","Winnipeg, MB"
745000,130,"China","Shaoyang, HUN"
745000,117,"China","Yulin, GX"
745000,60,"Iraq","Karbala"
745000,199,"Tunisia","Sfax"
745000,896,"United States","Allentown, PA-NJ"
745000,909,"United States","Dayton, OH"
745000,443,"United States","Fresno, CA"
745000,839,"United States","Rochester, NY"
741000,65,"Tanzania","Zanzibar"
740000,124,"Turkey","Eskisehir"
740000,870,"United States","Tulsa, OK"
740000,155,"Viet Nam","Hue"
738000,174,"China","Zhangjiakou, HEB"
735000,122,"China","Yuyao (Ningbo), ZJ"
735000,52,"India","Nellore, AP"
735000,148,"Spain","Zaragoza"
730000,181,"Brazil","Londrina"
730000,185,"China","Changzhi, SAX"
730000,93,"China","Guigang, GX"
730000,142,"China","Jinzhou, LN"
730000,233,"Japan","Otsu"
730000,337,"South Africa","Vereeniging"
730000,259,"Ukraine","Zaporizhzhya"
730000,167,"United Kingdom","Sheffield"
725000,428,"Canada","Québec, QC"
725000,73,"India","Belgaum, KA"
725000,246,"Italy","Catania"
725000,176,"Italy","Palermo"
724000,421,"United States","Murrieta, CA"
720000,130,"China","Changde, HUN"
720000,104,"China","Haicheng (Anshan), LN"
720000,119,"China","Qitaihe, HL"
720000,135,"Spain","Malaga"
720000,194,"Ukraine","Lviv"
719000,162,"Turkey","Adana"
715000,130,"China","Gongyi (Zhengzhou), HEN"
715000,117,"China","Hegang, HL"
715000,41,"Egypt","Port Said"
715000,94,"India","Agartala, TR"
715000,70,"India","Jammu, JK"
715000,155,"India","Mangalore, KA"
715000,83,"Iraq","Kirkuk"
715000,285,"Netherlands","Utrecht"
715000,44,"Palestine","Gaza"
715000,122,"Russia","Tyumen"
715000,847,"United States","Sarasota, FL"
710000,285,"Germany","Hannover"
710000,65,"Indonesia","Banjarmasin"
710000,360,"Russia","Vladivostok"
705000,65,"India","Bhavnagar, GJ"
705000,31,"India","Malegaon, MH"
705000,285,"Japan","Nagano"
700000,155,"China","Akesu, XJ"
700000,186,"Croatia","Zagreb"
700000,91,"Morocco","Meknes"
700000,70,"Philippines","Cagayan de Oro"
700000,951,"United States","Baton Rouge, LA"
695000,186,"Brazil","Florianopolis"
695000,181,"Brazil","Ribeirao Preto"
695000,67,"China","Xuchang, HEN"
695000,223,"China","Yongkang (Jinhua), ZJ"
695000,26,"China: Macau SAR","Macau"
695000,1134,"United States","Knoxville, TN"
690000,130,"China","Liaocheng, SD"
690000,49,"China","Tianmen, HUB"
685000,176,"China","Dezhou, SD-HEB"
685000,93,"China","Fuyang, AH"
685000,98,"Cote d'Ivoire","Bouake"
685000,145,"Russia","Tolyatti"
685000,65,"Turkey","Urfa"
680000,85,"China","Maoming, GD"
680000,130,"India","Durgapur, WB"
680000,28,"India","Muzaffarnagar, UP"
680000,144,"United Kingdom","Bristol"
679000,85,"China","Benxi, LN"
679000,185,"Zambia","Kitwe"
675000,153,"China","Qingzhou (Weifang), SD"
675000,101,"China","Suizhou, HUB"
675000,104,"Dominican Republic","Santiago"
675000,52,"India","Hubli, KL"
675000,194,"Japan","Okayama"
675000,85,"South Korea","Jeonju"
675000,984,"United States","Columbia, SC"
674000,899,"United States","Cape Coral, FL"
673000,230,"China","Rizhao, SD"
671000,62,"Indonesia","Tasikmalaya"
670000,111,"Albania","Tirana"
670000,207,"Iran","Yazd"
670000,130,"Japan","Kumamoto"
670000,181,"Japan","Shizuoka"
670000,117,"Nigeria","Akure"
670000,181,"Poland","Lodz"
670000,207,"Spain","Las Palmas"
670000,759,"United States","Charleston, SC"
665000,155,"China","Huludao, LN"
665000,142,"China","Laixi (Qingdao), SD"
665000,168,"China","Qingyuan, GD"
665000,233,"Germany","Nuremberg"
664000,163,"China","Suzhou, AN"
663000,256,"China","Chuzhou, AH"
660000,39,"India","Gulbarga, KA"
660000,47,"India","Jamnagar, GJ"
660000,62,"Indonesia","Pontianak"
660000,57,"South Korea","Cheongju"
660000,904,"United States","Springfield, MA-CT"
656000,199,"China","Langfang, HEB-TJ-BJ"
655000,194,"Brazil","Uberlandia"
655000,101,"China","Zhoukou, HEN"
655000,78,"Guinea-Bissau","Bissau"
655000,28,"India","Firozabad, UP"
655000,324,"Japan","Mito"
655000,88,"Nigeria","Sokoto"
655000,194,"Ukraine","Kriyvyi Rih"
653000,227,"China","Taizhou, JS"
651000,191,"China","Huzhou, ZJ"
651000,193,"China","Tongliao, NM"
650000,124,"China","Deyang, SC"
650000,181,"China","Shenzgzezhen, JS-ZJ"
650000,88,"China","Taixing (Taizhou), JS"
650000,181,"Mexico","Reynosa"
650000,357,"United States","Bakersfield, CA"
645000,648,"Australia","Gold Coast, QLD-NSW"
645000,117,"China","Zhaoqing, GD"
645000,272,"Germany","Bremen"
645000,41,"India","Jhansi, UP"
645000,124,"Indonesia","Balikpapan"
645000,231,"Turkey","Izmit"
645000,487,"United States","Colorado Springs, CO"
645000,49,"Yemen","Al-Hudaydah"
640000,65,"China","Pingxiang, JX"
640000,106,"China","Siping, JL"
640000,80,"China","Wanzhou, CQ"
640000,49,"India","Bokaro Steel City, JH"
640000,60,"India","Tirupati, AP"
640000,140,"Mexico","Tuxtla Gutierrez"
640000,78,"North Korea","Chongjin"
640000,52,"Pakistan","Sialkot"
640000,207,"Saudi Arabia","Buraydah"
640000,98,"Turkey","Samsun"
636000,186,"Philippines","Angeles City"
635000,104,"China","Anqing, AH"
635000,109,"China","Huaihua, HUN"
635000,207,"China","Wuhai, NM"
635000,75,"China","Xinyang, HEN"
635000,52,"China","Yiyang, HUN"
635000,85,"Egypt","Suez"
635000,41,"India","Kayamkulam, KL"
635000,44,"Pakistan","Sukkur"
635000,161,"United Kingdom","Belfast"
632000,95,"Syria","Homs"
630000,142,"Argentina","Mar del Plata"
630000,67,"China","Renqiu (Cangzhou), HEB"
630000,67,"China","Yanshi (Louyang), HEN"
630000,52,"India","Erode, TN"
630000,62,"India","Kolhapur, MAH"
630000,39,"India","Kurnool, AP"
630000,85,"India","Raurkela, OR"
630000,287,"Russia","Cheboksary"
630000,142,"Russia","Izhevsk"
627000,145,"China","Jiamusi, HL"
626000,247,"China","Suqian, JS"
625000,246,"Germany","Leipzig"
625000,220,"Germany","Mannheim"
625000,73,"India","Ajmer, RJ"
625000,124,"Poland","Wrocław"
625000,111,"Russia","Barnaul"
625000,394,"Russia","Lipetsk"
625000,181,"Switzerland","Geneva"
625000,767,"United States","Albany, NY"
620000,109,"Argentina","Salta"
620000,238,"China","Cangzhou, HEB"
620000,163,"China","Suining, SC"
620000,80,"China","Yibin, SC"
620000,130,"China","Zhoushan, ZJ"
620000,186,"Italy","Padova"
620000,155,"Malaysia","Seremban"
620000,117,"Morocco","Agadir"
617000,153,"China","Yangquan, SAX"
615000,130,"Angola","Huambo"
615000,79,"China","Cangnan (Wenzhou), ZJ"
615000,80,"China","Liyang (Changzhou), JS"
615000,91,"China","Xiantao, HUB"
615000,44,"India","Nanded Waghala, MH"
615000,62,"Iran","Rasht"
615000,91,"Iran","Zahedan"
615000,215,"Sweden","Goteborg"
615000,41,"Syria","Al-Hasakah"
613000,292,"China","Korla, XJ"
610000,181,"China","Jiyuan, HEN"
610000,111,"China","Laibin, GX"
610000,122,"China","Laiyang (Yantiai), SD"
610000,91,"Ghana","Sekondi Takoradi"
610000,75,"India","Tirunelveli, TN"
610000,78,"Italy","Genoa"
610000,114,"Mexico","Villahermosa"
610000,198,"Nigeria","Owerri"
610000,142,"Russia","Irkutsk"
610000,91,"Russia","Ulyanovsk"
609000,115,"China","Wenling (Taizhou), ZJ"
606000,50,"Iraq","Sulaimaniya"
605000,137,"China","Jixi, HL"
605000,54,"Israel","Beer Sheba"
605000,259,"Latvia","Riga"
605000,194,"Russia","Khabarovsk"
601000,106,"China","Linfen, SAX"
600000,117,"Brazil","Feira de Santana"
600000,67,"China","Anshun, GZ"
600000,218,"Mexico","Oaxaca"
600000,88,"Nigeria","Bauchi"
600000,181,"Saudi Arabia","Tabuk"
595000,155,"China","Hebi, HEN"
595000,186,"China","Shaoguan, GD"
595000,166,"China","Songyuan, JL"
595000,78,"Indonesia","Jambi"
595000,57,"Pakistan","Sheikhupura"
595000,52,"Peru","Chiclayo"
595000,337,"Thailand","Rayong"
595000,728,"United States","Grand Rapids, MI"
594000,188,"China","Shangqiu, HEN"
590000,119,"Algeria","Constantine"
590000,168,"China","Hengshui, HEB"
590000,47,"India","Sangali, MH"
590000,41,"India","Ujjain, MP"
590000,57,"Iran","Hamadan"
590000,104,"Jamaica","Kingston"
590000,197,"Moldova","Chisinau"
590000,83,"Philippines","Bacolod"
590000,155,"Viet Nam","Nha Trang"
585000,49,"Afghanistan","Herat"
585000,65,"Afghanistan","Kandahar"
585000,31,"Bangladesh","Rajshahi"
585000,197,"China","Linqi (Weifang), SD"
585000,168,"China","Liuan, AN"
585000,39,"China","Lufeng (Shanwei), GD"
585000,65,"Congo (Dem. Rep.)","Likasi"
585000,65,"Indonesia","Serang"
585000,96,"Philippines","General Santos"
585000,137,"Russia","Makhachkala"
585000,233,"Russia","Yaroslavl"
585000,104,"Turkey","Denizli"
580000,104,"Angola","Benguela"
580000,104,"China","Shougang (Weifang), SD"
580000,764,"France","Toulon"
580000,57,"India","Bilaspur, CH"
580000,65,"Viet Nam","Can Tho"
575000,199,"Belarus","Gomel"
575000,181,"China","Chaoyang, LN"
575000,119,"China","Hami, XJ"
575000,132,"China","Xinyu, JX"
575000,114,"Gambia","Banjul"
575000,47,"India","Mathura, UP"
575000,91,"India","Patiala, HR"
575000,57,"Iraq","Nasiriyah"
574000,104,"China","Dongsheng (Ordos), NM"
573000,118,"China","Puyang, HEN"
570000,181,"Brazil","Joinville"
570000,60,"China","Liaoyuan, JL"
570000,142,"China","Wafangdian (Dalian) , LN"
570000,47,"Djibouti","Djibouti"
570000,142,"Iran","Kerman"
570000,119,"Japan","Kagoshima"
570000,127,"Mexico","Durango"
570000,104,"Russia","Tomsk"
570000,176,"South Korea","Cheonan"
565000,117,"Argentina","Santa Fe"
565000,285,"Belgium","Liege"
565000,153,"China","Sanya, HA"
565000,44,"Colombia","Pereira"
565000,311,"Germany","Saarbrucken"
565000,73,"India","Udaipur, RJ"
565000,49,"India","Vellore, TN"
565000,62,"Iran","Ardabil"
565000,176,"Mexico","Culiacan"
565000,62,"Nigeria","Abeokuta"
564000,97,"China","Liupanshui, GZ"
562000,254,"France","Nantes"
560000,135,"China","Bayan Nur, NM"
560000,130,"China","Dongming (Heze), SD"
560000,207,"China","Fuxin, LN"
560000,39,"India","Jalgaon, MH"
560000,220,"Mexico","Tampico"
560000,282,"Russia","Kursk"
560000,168,"Spain","Palma"
560000,492,"Uzbekistan","Namangan"
558000,159,"China","Sanmenxia, HEN-SAX"
555000,54,"China","Neijiang, SC"
555000,163,"China","Tongling, AH"
555000,31,"India","Gaya, BR"
555000,91,"Macedonia","Skopje"
555000,73,"Thailand","Udon Thani"
555000,93,"Zambia","Ndola"
550000,91,"Brazil","Juiz de Fora"
550000,85,"China","Linhai (Taizhou), ZJ"
550000,119,"China","Longyan, FJ"
550000,137,"China","Zhumadian, HEN"
550000,80,"Iran","Arak"
550000,49,"Iraq","Hillah"
550000,106,"Russia","Kemerovo"
550000,67,"Russia","Orenburg"
550000,176,"South Africa","Bloemfontein"
550000,109,"United Kingdom","Leicester"
545000,78,"China","Feicheng (Taian), SD"
545000,62,"China","Qianjiang, HUB"
545000,34,"Colombia","Ibague"
545000,41,"Egypt","Al Mansurah"
545000,272,"Germany","Aachen"
545000,65,"India","Imphal, MN"
545000,54,"India","Rajahmundry, AP"
545000,41,"Nigeria","Ogbomosho"
545000,31,"Pakistan","Larkana"
545000,145,"South Sudan","Juba"
545000,199,"Switzerland","Basel"
545000,233,"Zimbabwe","Bulawayo"
540000,181,"China","Tieling, LN"
540000,117,"China: Taiwan","Hsinchu"
540000,88,"Congo (Dem. Rep.)","Kolwezi"
540000,36,"Egypt","Al Mahallah al Kubra"
540000,65,"India","Panipat, HR"
540000,130,"India","Thoothukkudi, TN"
540000,75,"Mexico","Xalapa"
540000,106,"Russia","Novokuznetsk"
540000,231,"Russia","Stavropol"
540000,109,"Spain","Santa Cruz de Tenerife"
538000,149,"Israel","Haifa"
535000,389,"Bahrain","Al-Manamah"
535000,122,"China","Qufu (Jining), SD"
535000,57,"China","Qujing, YN"
535000,54,"China","Shuangyashan, HL"
535000,45,"Japan","Matsuyama"
535000,19,"Hamhung","North Korea"
535000,35,"Philippines","Iolio City"
534000,47,"China","Yichun, JX"
531000,106,"China","Gaomi (Weifang), SD"
530000,39,"Benin","Porto Novo"
530000,42,"Zhangqiu (Jinan), SD","China"
530000,198,"France","Grenoble"
530000,60,"Italy","Bologna"
530000,35,"South Korea","Pohang"
530000,46,"United Kingdom","Edinburgh"
525000,60,"Brazil","Maringa"
525000,52,"Zhuji (Shaoxing), ZJ","China"
525000,47,"Indonesia","Cliegon"
525000,85,"Poland","Poznan"
525000,46,"Russia","Astrakhan"
525000,50,"Ryazan","Russia"
525000,38,"Spain","Murcia"
525000,110,"Trinidad & Tobago","Port of Spain"
525000,201,"Des Moines, IA","United States"
520000,27,"China","Tonghua, JL"
520000,26,"Zhangye, GS","China"
520000,92,"Russia","Kaliningrad"
520000,50,"Russia","Naberezhnye Tchelny"
520000,260,"United States","Harrisburg, PA"
515000,50,"China","Zhuanghe (Dalian), LN"
515000,24,"India","Kakinada, AP"
515000,85,"Lithuania","Vilnius"
515000,240,"Toledo, OH-MI","United States"
515000,215,"Wichita, KS","United States"
511000,47,"Panzhihua, SC","China"
510000,33,"Brazil","Porto Velho"
510000,40,"Cameroon","Bamenda"
510000,100,"China","Heyuan, GD"
510000,20,"Congo (Dem. Rep.)","Kikwit"
510000,187,"France","Douai-Lens"
510000,16,"India","Davanagere, KT"
510000,53,"Japan","Kanazawa"
510000,113,"Kazakhstan","Karagandy"
510000,47,"Russia","Penza"
510000,65,"South Africa","East London"
510000,41,"Thailand","Lampang"
507000,82,"China","Binzhou, SD"
505000,54,"China","Jingmen, HUB"
505000,88,"China","Zhucheng (Weifang), SD"
505000,9,"Egypt","Tanta"
505000,232,"Palm Bay, FL","United States"
503000,24,"Turkey","Diyarbakir"
500000,104,"Canada","Kitchener, ON"
500000,45,"China","Fuyang (Hangzhou), ZJ"
500000,40,"China","Zoucheng (Jining), SD"
500000,75,"Germany","Karlsruhe"
500000,20,"Morocco","Tetouan"
500000,103,"Thailand","Nakhon Ratchasima"
